<?xml version="1.0" encoding="utf-8" ?>
<dwsync>
<file name="animation.css" server="jdmdigital.co" local="133144787427629274" remote="133144795200000000" Dst="1" />
<file name="chartingicons-codes.css" server="jdmdigital.co" local="133144787427739260" remote="133144795200000000" Dst="1" />
<file name="chartingicons-embedded.css" server="jdmdigital.co" local="133144787427858941" remote="133144795200000000" Dst="1" />
<file name="chartingicons-ie7-codes.css" server="jdmdigital.co" local="133144787428572864" remote="133144795200000000" Dst="1" />
<file name="chartingicons-ie7.css" server="jdmdigital.co" local="133144787428642394" remote="133144795200000000" Dst="1" />
<file name="chartingicons.css" server="jdmdigital.co" local="133144787428722192" remote="133144795200000000" Dst="1" />
<file name="hat-tip.css" server="jdmdigital.co" local="133144886102668315" remote="133144885800000000" Dst="1" />
<file name="style-global.css" server="jdmdigital.co" local="133144878524799888" remote="133144878000000000" Dst="1" />
</dwsync>